{
    "5": [
        0.6882552930217809,
        0.5361347949170892
    ],
    "10": [
        0.693619445801556,
        0.5217303004960139
    ],
    "20": [
        0.7022387797120531,
        0.5410903173796621
    ],
    "25": [
        0.6959247837484247,
        0.531975560154303
    ],
    "30": [
        0.6964553420610735,
        0.5234406848999611
    ],
    "40": [
        0.6918181768249337,
        0.5144779771615008
    ]
}