{
    "12": [
        0.6966050519970353,
        0.5432575143613436
    ],
    "14": [
        0.6939127605490139,
        0.5379772544100845
    ],
    "16": [
        0.7024052083516499,
        0.5349451442260851
    ],
    "18": [
        0.6971318951802993,
        0.5278568523305371
    ],
    "22": [
        0.6959663326654838,
        0.5401058631921825
    ],
    "27": [
        0.69541286491541,
        0.5181410517854881
    ]
}